1001, Martha, Pitt, 11/1/1988, Marth974, 2c8ee2923cb72d45682ccdc6989b2091
1002, Adam, Brito, 12/1/1988, Adam636, 7f62d7584753804cd57d32ca0a64da22
1003, Socorro, Hodgson, 7/5/1981, Socor900, b02f79fa415c4bb08eb1ddd22d80cf53
1004, Esther, Hasberry, 18/4/1980, Esthe458, ccd589a768f6e94929f035ec381d60c7
1005, Willie, Cooper, 12/2/1984, Willi548, ec70e7c0754699102c36527b87191655
1006, Andree, Bustillos, 14/4/1990, Andre670, ab77954604cc8c67acb6bfdd1226e8aa
1007, Catherine, Dale, 18/2/1985, Cathe535, 5279a3d789154c379522ac0bf9768fbc
1008, Vincent, Uzelac, 28/6/1989, Vince214, 25d57ab995775bdc2b947854ce1b4948
1009, Blake, Gibson, 8/12/1986, Blake740, 6eabc0d93f27734e8626296f4574d1f3
1010, Rosalind, Estrello, 13/12/1982, Rosal764, 40686c51db85fb0e2c3e0c7ecf8dd089
1011, William, Becker, 3/6/1989, Willi824, 5bc71ebf3a1c94f0f3f6d25810d87854
1012, Edward, Albero, 22/11/1985, Edwar764, d8eda9b85448d97cd1eaaaf891b4a964
1013, Kenneth, Wilson, 2/4/1974, Kenne468, 3655fad7d8d9ba3241e4674e71016495
1014, Victor, Johnson, 2/11/1960, Victo378, 7e8493080fa4176a09f74ce2eab094b1
1015, Wanda, Alexander, 23/1/1989, Wanda858, 799e553d381f41c0adaca29d28a53969
1016, Ernest, Whitt, 17/7/1962, Ernes439, 5e21dab7a99dffe3ae337096c40b35e1
1017, Mary, Rickman, 27/2/1972, Mary543, 0f15c3d4869900bee3afb35dbf4b46a8
1018, Louise, Tauscher, 27/2/1976, Louis704, 1a42a27a77c25d48a4da670bf9fcdd7e
1019, Reynaldo, Hecht, 1/1/1965, Reyna163, d20e05df6b0568c7a5c37171571da13f
1020, John, Chung, 22/4/1990, John962, ba0954d1d2a99cd8dde81e0ea8106db5
1021, Mark, Poe, 23/2/1981, Mark808, 6e973a0188912cade57f7054e445a363
1022, Edmund, Ormond, 1/4/1960, Edmun870, 1cc0b093a0d6ff6dabc08d87c72b1da1
1023, John, Pendley, 27/8/1983, John197, 924c2d94992856c2b30e3b63b8074d2d
1024, James, Opatz, 1/3/1973, James182, 96b35b0e33441bd81657373535bc9a6f
1025, Loyd, Hayes, 6/5/1978, Loyd787, 30933c3a7be5efe49f2c9137520545c6
1026, Carlos, Aponte, 16/7/1979, Carlo775, a0918529c4d6c1c542d1f188a8af7cbc
1027, John, Obryant, 16/6/1974, John654, 0f0803d2324e4d3df0087e16bf7a7265
1028, Beryl, Miller, 1/12/1974, Beryl127, ed21d5a7d0d8858c00b8d0550cf7514a
1029, John, Yip, 7/6/1973, John645, 6770446f1a8b4eead9c61770226b5967
1030, Stacey, Lopez, 3/11/1980, Stace446, 6f5dac967d7ce40757a2c4b57c760e37
1031, Sally, Santiago, 19/7/1988, Sally266, c811c14ba24d199b3c6428acb9a317da
1032, Glen, Brentley, 27/4/1989, Glen318, feac01ee1ba8ff524e9f60117bb0bd77
1033, Rosa, Gordon, 26/12/1989, Rosa306, 0752a9d761065f3920c7fc17c8e19c0a
1034, Daniel, Stancil, 7/11/1960, Danie352, 349dee1bf4ae4079299567eae18915a3
1035, Barney, Bailey, 21/2/1960, Barne219, edebae68c1a704ed1d8f35ff1caf57da
1036, Louise, Pray, 11/1/1978, Louis650, 3896cab00dc45671cadd59462ebde6be
1037, Barbara, Steil, 17/11/1984, Barba268, ce411ae056f193d42bdddc5ec7406f98
1038, Lauren, Wadas, 3/4/1976, Laure937, 873ad70204bac5e77ae50003881d404c
1039, Antonio, Keltner, 23/1/1989, Anton339, 15262373952a1cc0dbf9babb3957fcc0
1040, Don, Lewis, 8/9/1988, Don250, 6c09c8f1c159e7865b4438933a8b8739
1041, Brandon, Porter, 15/8/1974, Brand769, fdc8af54cd4840fbd7e81df7f3b644e8
1042, Thomas, Haley, 6/4/1962, Thoma883, 5ecaf872ad68ee48bb5f66a860d03688
1043, Ray, Garnand, 16/9/1975, Ray464, 21ba72a90b8dd53dfe3239c9e73c6295
1044, Jodi, Chandler, 13/9/1961, Jodi783, 1dfb87ddae622d103af2989e04c4fd21
1045, Steven, Evans, 10/5/1975, Steve195, f36874ca44bce88f8211a3f74b9c8a14
1046, Richard, Ralls, 13/11/1977, Richa298, 3128d436972fe7bf719a930d36c2784c
1047, Cynthia, Martin, 16/10/1972, Cynth881, 5e57dbb8393ed70d3c0e8ba241392986
1048, Angelica, Novak, 12/7/1967, Angel797, 1f99eb650954818c5e925999b01dfac0
1049, Vincent, Valentino, 18/3/1990, Vince986, d358346d035792fb1fea6b6e618937e2
1050, Janie, Wolfe, 24/4/1989, Janie978, a597a2d193ff27426b315433e2bbc902
